DisplayName,Surname,GivenName,OfficePhone,EmailAddress,SamAccountName,Initials,Name,UserPrincipalName,Password
"Woodard, Amos U M MSgt USAF 1 AS/CCF 1 AIRLIFT SQ/DOFA",Woodard,Amos,652-7720,Amos.U.Woodard.12@fake.af.mil,1644,U,1644,1644@ftss.aetc.af.mil,23e#J@iwaAef
"Petty, Walter P P A1C USAF ACC 20 AMXS/MXABW",Petty,Walter,909-9267,Walter.P.Petty.12@fake.af.mil,6BD6,P,6BD6,6BD6@ftss.aetc.af.mil,23e#J@iwaUef
"Conner, Castor Z J SrA USAF 18 ASOG 20 AIR SUPT OPNS SQ/drum",Conner,Castor,856-4578,Castor.Z.Conner.17@fake.af.mil,1A61,Z,1A61,1A61@ftss.aetc.af.mil,23e#J@iwaAef
"Henry, Marsden W S MAJ USA ACC 1 BCD/Airspace OIC",Henry,Marsden,1-764-467-7897,Marsden.W.Henry.11@fake.af.mil,3B25,W,3B25,3B25@ftss.aetc.af.mil,23e#J@iwaAef
"Mathews, Willow Q L CTR USAF AFCENT NG",Mathews,Willow,471-7712,Willow.Q.Mathews.18@fake.af.mil,1D263,Q,1D263,1D263@ftss.aetc.af.mil,23e#J@iwaCef
"Carey, Yen S A A1C USAF ACC 20 CES/CED",Carey,Yen,727-7228,Yen.S.Carey.2@fake.af.mil,5E7FD,S,5E7FD,5E7FD@ftss.aetc.af.mil,23e#J@iwaUef
"Hodges, Raya S D WG-04 USAF USAFA 10 FSS/FSLFO",Hodges,Raya,1-306-542-4331,Raya.S.Hodges.1@fake.af.mil,B7469,S,B7469,B7469@ftss.aetc.af.mil,23e#J@iwaUef
"Bryant, Carly N H JR CTR USAF ANG CRF",Bryant,Carly,350-9787,Carly.N.Bryant.8@fake.af.mil,581A2,N,581A2,581A2@ftss.aetc.af.mil,23e#J@iwaCef
"Turner, Hillary O J SSgt USAF AMC 817 GMRS/FPF",Turner,Hillary,261-8445,Hillary.O.Turner.5@fake.af.mil,838C9,O,838C9,838C9@ftss.aetc.af.mil,23e#J@iwaUef
"Joyner, Emma C F GS-13 USAF AFSPC CYSS/DOT",Joyner,Emma,1-164-509-7640,Emma.C.Joyner.15@fake.af.mil,3FCDB,C,3FCDB,3FCDB@ftss.aetc.af.mil,23e#J@iwaGef
"Mcdaniel, Halee F B III CTR USAF AMC A3/A3RI",Mcdaniel,Halee,424-4741,Halee.F.Mcdaniel.5@fake.af.mil,6D235,F,6D235,6D235@ftss.aetc.af.mil,23e#J@iwaCef
"Hebert, Kai W L MSgt USAF AMC 92 CES/CEOF",Hebert,Kai,165-8473,Kai.W.Hebert.10@fake.af.mil,1B1A5,W,1B1A5,1B1A5@ftss.aetc.af.mil,23e#J@iwaUef
"Sawyer, Portia F J Capt USAF ACC 963 AACS/DOMB",Sawyer,Portia,842-1252,Portia.F.Sawyer.2@fake.af.mil,4C6AB,F,4C6AB,4C6AB@ftss.aetc.af.mil,23e#J@iwaUef
"Vargas, Dominic M J GS-13 USAF AFRC HQ AFRC/A1CC",Vargas,Dominic,209-6867,Dominic.M.Vargas.10@fake.af.mil,ECE2C,M,ECE2C,ECE2C@ftss.aetc.af.mil,23e#J@iwaUef
"Melendez, Solomon R M 1st Lt USAF ACC 74 FS/74 FS",Melendez,Solomon,1-234-941-5136,Solomon.R.Melendez.12@fake.af.mil,265B8,R,265B8,265B8@ftss.aetc.af.mil,23e#J@iwaAef
"Parrish, Rhonda Y S Lt Col USAF 1 HS 1 HELICOPTER SQ/CSS",Parrish,Rhonda,378-7815,Rhonda.Y.Parrish.16@fake.af.mil,403BA,Y,403BA,403BA@ftss.aetc.af.mil,23e#J@iwaHef
"Stevenson, Quon J M SrA USAF AMC 437 AMXS/MXABB",Stevenson,Quon,1-884-947-0227,Quon.J.Stevenson.8@fake.af.mil,8A489,J,8A489,8A489@ftss.aetc.af.mil,23e#J@iwaUef
"Sanchez, Leigh K D SSgt USAF AFISRA 29 IS/Voodoo",Sanchez,Leigh,1-229-275-1816,Leigh.K.Sanchez.11@fake.af.mil,20BF6,K,20BF6,20BF6@ftss.aetc.af.mil,23e#J@iwaUef
"Espinoza, Caryn A W MSgt USAF ANG 144 CIVIL ENGINEER SQ/CEOP",Espinoza,Caryn,1-714-258-1370,Caryn.A.Espinoza.9@fake.af.mil,9A4B9,A,9A4B9,9A4B9@ftss.aetc.af.mil,23e#J@iwa1ef
"Mccullough, Darius P F MSgt USAF AFGSC 91 MSFS/SFO",Mccullough,Darius,298-9583,Darius.P.Mccullough.13@fake.af.mil,3617F,P,3617F,3617F@ftss.aetc.af.mil,23e#J@iwaUef
"Rogers, Chandler C D MSgt USAF AMC 43 AMXS/CCF",Rogers,Chandler,638-0138,Chandler.C.Rogers.18@fake.af.mil,639A,C,639A,639A@ftss.aetc.af.mil,23e#J@iwaAef
"Daugherty, Grant N L SSgt USAF AFSPC 21 SFS/S3OB",Daugherty,Grant,340-6620,Grant.N.Daugherty.15@fake.af.mil,39CE,N,39CE,39CE@ftss.aetc.af.mil,23e#J@iwaUef
"Blackwell, Shad Q J GS-06 USAF AFMC AFRL/RQO",Blackwell,Shad,1-277-512-1341,Shad.Q.Blackwell.3@fake.af.mil,37F2F,Q,37F2F,37F2F@ftss.aetc.af.mil,23e#J@iwaAef
"Vang, Beverly O L Maj USAF AFPC AFPC/DPFCS",Vang,Beverly,1-818-352-8400,Beverly.O.Vang.4@fake.af.mil,503AC,O,503AC,503AC@ftss.aetc.af.mil,23e#J@iwaAef
"Evans, Quinn R M CTR USAF AFSPC 11 SWS/Security",Evans,Quinn,675-0988,Quinn.R.Evans.18@fake.af.mil,29BF3,R,29BF3,29BF3@ftss.aetc.af.mil,23e#J@iwaCef
"Shepard, Dorothy Y W TSgt USAF AFRC 514 MXS/MXMP",Shepard,Dorothy,1-680-237-5676,Dorothy.Y.Shepard.18@fake.af.mil,6EC50,Y,6EC50,6EC50@ftss.aetc.af.mil,23e#J@iwaUef
"Kline, Clayton Q A CTR USAF USAFE 48 CMS/MXMD",Kline,Clayton,1-422-932-1031,Clayton.Q.Kline.4@fake.af.mil,11DE1,Q,11DE1,11DE1@ftss.aetc.af.mil,23e#J@iwaUef
"Park, Omar U J GS-07 USAF AETC ACSC/CCS",Park,Omar,1-818-622-7691,Omar.U.Park.12@fake.af.mil,3A72D,U,3A72D,3A72D@ftss.aetc.af.mil,23e#J@iwaCef
"Lara, Indigo T J SMSgt USAF AFMC HQ AFMC/HC",Lara,Indigo,1-990-559-2636,Indigo.T.Lara.7@fake.af.mil,3C74E,T,3C74E,3C74E@ftss.aetc.af.mil,23e#J@iwaUef
"Dale, Xenos G E SA (NON-MAIL ENABLED)",Dale,Xenos,1-135-953-9591,Xenos.G.Dale.3@fake.af.mil,46D4E,G,46D4E,46D4E@ftss.aetc.af.mil,23e#J@iwaGef
"Johnson, Gisela F J JR WS-10 USAF AFMC 402 AMXG/MXDPB",Johnson,Gisela,504-6220,Gisela.F.Johnson.10@fake.af.mil,3FCA2,F,3FCA2,3FCA2@ftss.aetc.af.mil,23e#J@iwaCef
"Freeman, Jasmine J D CMSgt USAF AMC 436 MDG/CCC",Freeman,Jasmine,464-7605,Jasmine.J.Freeman.6@fake.af.mil,49E66,J,49E66,49E66@ftss.aetc.af.mil,23e#J@iwaUef
"Taylor, Cleo Z L SMSgt USAF AFGSC 90 SFG/SFV",Taylor,Cleo,830-6678,Cleo.Z.Taylor.10@fake.af.mil,A281,Z,A281,A281@ftss.aetc.af.mil,23e#J@iwaUef
"Frank, Beatrice W L PO3 USN ACC 55 SFS/SFN",Frank,Beatrice,789-5671,Beatrice.W.Frank.2@fake.af.mil,1739E,W,1739E,1739E@ftss.aetc.af.mil,23e#J@iwaUef
"Palmer, Drew Q M MSgt USAF ANG 242 CBCS/SCMC",Palmer,Drew,222-5678,Drew.Q.Palmer.15@fake.af.mil,3D603,Q,3D603,3D603@ftss.aetc.af.mil,23e#J@iwaAef
"Maynard, Eve O M TSgt USAF ANG 242 CBCS/SCMC ADM",Maynard,Eve,1-313-436-8204,Eve.O.Maynard.15@fake.af.mil,26803,O,26803,26803@ftss.aetc.af.mil,23e#J@iwaHef
"Hebert, Lester N J NF-02 USAF AMC 628 FSS/FSCO",Hebert,Lester,360-9477,Lester.N.Hebert.4@fake.af.mil,4CAF,N,4CAF,4CAF@ftss.aetc.af.mil,23e#J@iwaUef
"Miller, Heidi G S SSgt USAF AFRC 440 MDS/SGA",Miller,Heidi,1-218-878-7091,Heidi.G.Miller.6@fake.af.mil,32466,G,32466,32466@ftss.aetc.af.mil,23e#J@iwaUef
"Conway, Tanek I D TSgt USAF AMC 43 LRS/LGRF",Conway,Tanek,1-623-284-5466,Tanek.I.Conway.6@fake.af.mil,261FF,I,261FF,261FF@ftss.aetc.af.mil,23e#J@iwa1ef
"Mcclure, Karleigh V D TSgt USAF ACC 633 CONS/LGCZ",Mcclure,Karleigh,1-653-781-6178,Karleigh.V.Mcclure.4@fake.af.mil,67347,V,67347,67347@ftss.aetc.af.mil,23e#J@iwaUef
"Walsh, Hilda H A SSgt USAF AFMC 377 SFS/SFO",Walsh,Hilda,1-221-234-1167,Hilda.H.Walsh.5@fake.af.mil,601B9,H,601B9,601B9@ftss.aetc.af.mil,23e#J@iwaAef
"Roberts, Warren B A Amn (NON-MAIL ENABLED)",Roberts,Warren,1-649-175-9301,Warren.B.Roberts.2@fake.af.mil,63C09,B,63C09,63C09@ftss.aetc.af.mil,23e#J@iwaUef
"Raymond, Ciaran R M SrA USAF AFISRA 94 IS/CSS",Raymond,Ciaran,580-1820,Ciaran.R.Raymond.2@fake.af.mil,3A055,R,3A055,3A055@ftss.aetc.af.mil,23e#J@iwaAef
"Tyler, Zena T W SrA USAF ACC 355 SFS/S4C",Tyler,Zena,124-1132,Zena.T.Tyler.8@fake.af.mil,493F2,T,493F2,493F2@ftss.aetc.af.mil,23e#J@iwaAef
"Hines, Kylynn X K SrA USAF AFMC 78 ABW/SCSE",Hines,Kylynn,1-644-166-9013,Kylynn.X.Hines.19@fake.af.mil,22468,X,22468,22468@ftss.aetc.af.mil,23e#J@iwaAef
"Carrillo, Lael B P MSgt USAF AMC 436 OSS/OSL",Carrillo,Lael,1-177-303-0861,Lael.B.Carrillo.7@fake.af.mil,1DC93,B,1DC93,1DC93@ftss.aetc.af.mil,23e#J@iwaUef
"Mckee, Lydia K M SSgt USAF AFMC 78 LRS/LGRFOD",Mckee,Lydia,179-4526,Lydia.K.Mckee.10@fake.af.mil,1D89A,K,1D89A,1D89A@ftss.aetc.af.mil,23e#J@iwaAef
"Kennedy, Illiana I CTR USAF AFRC 94 OG/OGA",Kennedy,Illiana,1-618-436-2961,Illiana.I.Kennedy.13@fake.af.mil,2F8E7,I,2F8E7,2F8E7@ftss.aetc.af.mil,23e#J@iwaAef
"Caldwell, Emerson E R Maj USAF AETC AFROTC/ADO",Caldwell,Emerson,1-911-505-7849,Emerson.E.Caldwell.4@fake.af.mil,6A217,E,6A217,6A217@ftss.aetc.af.mil,23e#J@iwaCef
"Barnes, Cadman W H CIV USAF ACC 55 FSS/FSMC",Barnes,Cadman,1-277-199-3787,Cadman.W.Barnes.12@fake.af.mil,4FF80,W,4FF80,4FF80@ftss.aetc.af.mil,23e#J@iwaUef
"Ballard, Mollie X T Lt Col USAF ANG 168 AIR REFUELING SQ/DOIA",Ballard,Mollie,786-8228,Mollie.X.Ballard.10@fake.af.mil,68C99,X,68C99,68C99@ftss.aetc.af.mil,23e#J@iwaUef
"Vaughn, Camilla X E GS-13 (NON-MAIL ENABLED)",Vaughn,Camilla,1-115-962-2161,Camilla.X.Vaughn.9@fake.af.mil,22BD5,X,22BD5,22BD5@ftss.aetc.af.mil,23e#J@iwaCef
"Snow, Hilel B L CTR USAF AFSPC 561 NOS Det 3/OL-B",Snow,Hilel,1-748-463-1647,Hilel.B.Snow.1@fake.af.mil,51C31,B,51C31,51C31@ftss.aetc.af.mil,23e#J@iwaUef
"Byrd, Kaden G M A1C USAF ACC 612 AOC/CPDA",Byrd,Kaden,539-6218,Kaden.G.Byrd.1@fake.af.mil,15918,G,15918,15918@ftss.aetc.af.mil,23e#J@iwaGef
"Chambers, Abbot S A TSgt USAF AFRC 934 CES/CES",Chambers,Abbot,587-7429,Abbot.S.Chambers.7@fake.af.mil,D8B9,S,D8B9,D8B9@ftss.aetc.af.mil,23e#J@iwaCef
"Mcknight, Naomi Z M A1C (NON-MAIL ENABLED)",Mcknight,Naomi,1-204-885-5562,Naomi.Z.Mcknight.5@fake.af.mil,5902,Z,5902,5902@ftss.aetc.af.mil,23e#J@iwaUef
"Jennings, Kaitlin D N MSgt USAF AETC 56 MXG/CCR",Jennings,Kaitlin,1-393-545-1774,Kaitlin.D.Jennings.2@fake.af.mil,189A1,D,189A1,189A1@ftss.aetc.af.mil,23e#J@iwaUef
"Lowery, Astra L L JR NF-02 USAF USAFE 86 FSS/FSBMOP",Lowery,Astra,1-156-995-5142,Astra.L.Lowery.12@fake.af.mil,269C5,L,269C5,269C5@ftss.aetc.af.mil,23e#J@iwaUef
"Dickerson, Naida B R CTR USAF AFMC AEDC/XP",Dickerson,Naida,1-279-784-2250,Naida.B.Dickerson.10@fake.af.mil,16DBE,B,16DBE,16DBE@ftss.aetc.af.mil,23e#J@iwaAef
"Gaines, Ivory O W GG-12 (NON-MAIL ENABLED)",Gaines,Ivory,1-503-152-5345,Ivory.O.Gaines.7@fake.af.mil,2B7FC,O,2B7FC,2B7FC@ftss.aetc.af.mil,23e#J@iwaHef
"Burgess, Rigel A W Maj USAF AFRC 307 OSF/OGI",Burgess,Rigel,1-812-276-1366,Rigel.A.Burgess.18@fake.af.mil,D22E,A,D22E,D22E@ftss.aetc.af.mil,23e#J@iwaUef
"Hansen, Zeus I L SSgt USAF ANG 203 RHS/MERHC",Hansen,Zeus,589-3847,Zeus.I.Hansen.10@fake.af.mil,86DBE,I,86DBE,86DBE@ftss.aetc.af.mil,23e#J@iwaUef
"Thornton, Lance R A SSgt USAF USAFE 31 LRS/MXAAF",Thornton,Lance,1-762-487-6102,Lance.R.Thornton.13@fake.af.mil,E000,R,E000,E000@ftss.aetc.af.mil,23e#J@iwa1ef
"Perry, Pandora D D SrA USAF AETC 344 TRS/TTLE",Perry,Pandora,1-470-495-0159,Pandora.D.Perry.20@fake.af.mil,C0616,D,C0616,C0616@ftss.aetc.af.mil,23e#J@iwaUef
"Galloway, Camden E J SrA USAF ACC 69 RG DET 2/SFO",Galloway,Camden,356-3443,Camden.E.Galloway.14@fake.af.mil,8D3C,E,8D3C,8D3C@ftss.aetc.af.mil,23e#J@iwaAef
"Schneider, Shea S M SrA USAF ANG 146 AIR SUPT OPNS SQ/SF",Schneider,Shea,1-104-559-4518,Shea.S.Schneider.7@fake.af.mil,9E0C1,S,9E0C1,9E0C1@ftss.aetc.af.mil,23e#J@iwaUef
"Lopez, Noble B M NH-02 USAF AFMC 412 FSS/FSFS",Lopez,Noble,298-1397,Noble.B.Lopez.19@fake.af.mil,1C01,B,1C01,1C01@ftss.aetc.af.mil,23e#J@iwaAef
"Vang, Wynter M R A1C USAF AFGSC 341 SFS/S3OA",Vang,Wynter,1-746-548-6131,Wynter.M.Vang.18@fake.af.mil,489C5,M,489C5,489C5@ftss.aetc.af.mil,23e#J@iwaAef
"Middleton, Shellie Z T CIV USAF AFPC AFPC/MAMP",Middleton,Shellie,252-8204,Shellie.Z.Middleton.10@fake.af.mil,5C18C,Z,5C18C,5C18C@ftss.aetc.af.mil,23e#J@iwaAef
"Hart, Chelsea B W GS-10 USAF AFCENT 28 OP WEATHER SQ/WXT",Hart,Chelsea,858-5482,Chelsea.B.Hart.1@fake.af.mil,22DD,B,22DD,22DD@ftss.aetc.af.mil,23e#J@iwaUef
"Ramirez, Sheila A C A1C USAF 673 FSS",Ramirez,Sheila,657-5888,Sheila.A.Ramirez.15@fake.af.mil,30234,A,30234,30234@ftss.aetc.af.mil,23e#J@iwaAef
"Wynn, Sage V W III CIV USAF AFPC AFPC/MA-HR",Wynn,Sage,1-976-609-2373,Sage.V.Wynn.19@fake.af.mil,CF0B,V,CF0B,CF0B@ftss.aetc.af.mil,23e#J@iwaAef
"Donaldson, Jillian N D A1C USAF AETC 97 LRS/LGRF",Donaldson,Jillian,327-2226,Jillian.N.Donaldson.18@fake.af.mil,8072B,N,8072B,8072B@ftss.aetc.af.mil,23e#J@iwaCef
"Crawford, Martin M J MSgt USAF AKO 108 GLOBAL MOBILITY SQ/ako",Crawford,Martin,628-3379,Martin.M.Crawford.2@fake.af.mil,30AC8,M,30AC8,30AC8@ftss.aetc.af.mil,23e#J@iwaUef
"Fry, Larissa M N WG-08 USAF AFMC 566 AMXS/MXDVAB",Fry,Larissa,352-6619,Larissa.M.Fry.6@fake.af.mil,10646,M,10646,10646@ftss.aetc.af.mil,23e#J@iwaUef
"Delgado, Thomas D E SSgt USAF AFSOC 27 SOMOS/MXOC",Delgado,Thomas,1-761-718-6924,Thomas.D.Delgado.16@fake.af.mil,160F5,D,160F5,160F5@ftss.aetc.af.mil,23e#J@iwaCef
"Sears, Vivian L K JR WG-05 USAF AFMC 88 ABW/CEOID",Sears,Vivian,1-137-109-8987,Vivian.L.Sears.18@fake.af.mil,47170,L,47170,47170@ftss.aetc.af.mil,23e#J@iwaUef
"Vincent, Beck H L Capt USAF PACAF 18 WG/CCE",Vincent,Beck,1-305-449-7013,Beck.H.Vincent.1@fake.af.mil,9B19B,H,9B19B,9B19B@ftss.aetc.af.mil,23e#J@iwaGef
"Mckee, Kenneth A A CTR USAF AFRC HQ AFRC/FMXS",Mckee,Kenneth,483-3793,Kenneth.A.Mckee.12@fake.af.mil,C4427,A,C4427,C4427@ftss.aetc.af.mil,23e#J@iwaCef
"Ortiz, Lee O A JR SrA USAF PACAF 51 CES/CEOHP",Ortiz,Lee,1-109-210-6406,Lee.O.Ortiz.9@fake.af.mil,2E963,O,2E963,2E963@ftss.aetc.af.mil,23e#J@iwaUef
"Peck, Kuame J A SMSgt USAF ANG 201 CCG/A6O1",Peck,Kuame,892-5871,Kuame.J.Peck.12@fake.af.mil,3B607,J,3B607,3B607@ftss.aetc.af.mil,23e#J@iwaUef
"Bailey, Indigo U I SMSgt USAF AFMC USAFSAM/ET",Bailey,Indigo,270-5909,Indigo.U.Bailey.5@fake.af.mil,CC25,U,CC25,CC25@ftss.aetc.af.mil,23e#J@iwaUef
"Blackburn, Glenna K JR GS-09 USAF AFSPC 45 SFS/S6",Blackburn,Glenna,226-8288,Glenna.K.Blackburn.13@fake.af.mil,2E19E,K,2E19E,2E19E@ftss.aetc.af.mil,23e#J@iwaAef
"Sullivan, Honorato X L CTR USAF AETC C-130J MATS/SIMMAINT",Sullivan,Honorato,1-416-844-6952,Honorato.X.Sullivan.4@fake.af.mil,4A9AE,X,4A9AE,4A9AE@ftss.aetc.af.mil,23e#J@iwaHef
"Hernandez, Kiayada V M Lt Col USAF ACC 20 CS/CC",Hernandez,Kiayada,1-794-742-4098,Kiayada.V.Hernandez.7@fake.af.mil,2D024,V,2D024,2D024@ftss.aetc.af.mil,23e#J@iwaUef
"Beck, Mari P M WL-10 USAF AFMC 573 AMXS/MXDPADB",Beck,Mari,209-4332,Mari.P.Beck.20@fake.af.mil,40A89,P,40A89,40A89@ftss.aetc.af.mil,23e#J@iwaUef
"Kelley, Lacota L D SSgt USAF ACC 49 SFS/S3O",Kelley,Lacota,1-863-624-3057,Lacota.L.Kelley.3@fake.af.mil,67C3C,L,67C3C,67C3C@ftss.aetc.af.mil,23e#J@iwa1ef
"Higgins, Anne R L GS-07 USAF AFGSC 509 FSS/CDC",Higgins,Anne,1-450-343-4905,Anne.R.Higgins.8@fake.af.mil,1CC4,R,1CC4,1CC4@ftss.aetc.af.mil,23e#J@iwaUef
"Tyler, Carla T M TSgt USAF ANG 108 MAINTENANCE SQ/CCQ",Tyler,Carla,929-3948,Carla.T.Tyler.7@fake.af.mil,32D0A,T,32D0A,32D0A@ftss.aetc.af.mil,23e#J@iwaAef
"Madden, Vivien V D CIV USAF AMC 628 CES/CEAC",Madden,Vivien,899-0974,Vivien.V.Madden.1@fake.af.mil,48A77,V,48A77,48A77@ftss.aetc.af.mil,23e#J@iwaUef
"Burt, Felicia A K CTR USAF AFMC 72 LRS/LGRFI",Burt,Felicia,1-778-940-2999,Felicia.A.Burt.1@fake.af.mil,3AD74,A,3AD74,3AD74@ftss.aetc.af.mil,23e#J@iwaAef
"Foreman, Reed W R GS-12 USAF AFMC 448 SCMW/FMR",Foreman,Reed,1-573-241-2687,Reed.W.Foreman.20@fake.af.mil,771EF,W,771EF,771EF@ftss.aetc.af.mil,23e#J@iwaAef
"Bolton, Elliott S R JR SSgt USAF ACJ14 180 AIRCRAFT MAINT SQ/lemonnier",Bolton,Elliott,319-0569,Elliott.S.Bolton.13@fake.af.mil,139CE,S,139CE,139CE@ftss.aetc.af.mil,23e#J@iwaCef
"Blanchard, Dacey L W TSgt USAF AFELM US SOCOM JX/J631",Blanchard,Dacey,1-523-838-1281,Dacey.L.Blanchard.9@fake.af.mil,2FA58,L,2FA58,2FA58@ftss.aetc.af.mil,23e#J@iwaUef
"Mejia, Gail C D 1st Lt USAF ANG 172 MEDICAL GP/SGO",Mejia,Gail,1-603-754-8110,Gail.C.Mejia.5@fake.af.mil,719A8,C,719A8,719A8@ftss.aetc.af.mil,23e#J@iwaUef
"Mullins, Jillian Y D SSgt USAF ACC 23 MXG/QA",Mullins,Jillian,1-454-399-1526,Jillian.Y.Mullins.19@fake.af.mil,8C925,Y,8C925,8C925@ftss.aetc.af.mil,23e#J@iwaCef
"Clark, Ryder B G CTR USAF AETC PAE/ITS ADM",Clark,Ryder,317-8793,Ryder.B.Clark.7@fake.af.mil,1B07A,B,1B07A,1B07A@ftss.aetc.af.mil,23e#J@iwaUef
"George, Quemby N M LCPL USMC PACAF 18 OSS/MWLK",George,Quemby,1-944-236-0556,Quemby.N.George.4@fake.af.mil,65900,N,65900,65900@ftss.aetc.af.mil,23e#J@iwaGef
"Nielsen, Sydnee K A MSgt USAF AMC 375 AMW/CCO",Nielsen,Sydnee,115-3082,Sydnee.K.Nielsen.11@fake.af.mil,A4F24,K,A4F24,A4F24@ftss.aetc.af.mil,23e#J@iwaCef
"Moon, Patience K L JR GS-13 USAF AMC 3 MRS/CD",Moon,Patience,629-7397,Patience.K.Moon.10@fake.af.mil,6A303,K,6A303,6A303@ftss.aetc.af.mil,23e#J@iwaUef
